coefficient,value
Cx_12,0.006726264515418301
Cx_13,0.32314379271827015
Cx_21,0.3667220706133666
Cx_23,0.46370003632344575
Cx_31,0.1846263596757911
Cx_32,0.35466051162559137
Cy_12,0.22822467731581897
Cy_13,0.48981257012316115
Cy_21,0.19819925480003225
Cy_23,0.4644390094519319
Cy_31,0.024166188391257837
Cy_32,0.17618430768524418
